url_path,views_total,views_unique
/hexiongjiu/PathfinderAdventures-CHS,9,1
/hexiongjiu/PathfinderAdventures-CHS/graphs/traffic,3,1
/hexiongjiu/PathfinderAdventures-CHS/tree/master/.github/workflows,3,1
/hexiongjiu/PathfinderAdventures-CHS/pulse,2,1
/hexiongjiu/PathfinderAdventures-CHS/tree/master/.git-rewrite,2,1
/hexiongjiu/PathfinderAdventures-CHS/blob/master/.github/workflows/stats.yml,1,1
/hexiongjiu/PathfinderAdventures-CHS/tree/master,1,1
/hexiongjiu/PathfinderAdventures-CHS/tree/master/.git-rewrite/map,1,1
/hexiongjiu/PathfinderAdventures-CHS/tree/master/.github,1,1
